Location,City,State,Website,Email Pattern
D-BAT Abilene,Abilene,TX,dbatabilene.com,info@dbatabilene.com
D-BAT Addison,Addison,TX,dbataddison.com,info@dbataddison.com
D-BAT Aggieland,College Station,TX,dbataggieland.com,info@dbataggieland.com
D-BAT Allen,Allen,TX,dbatallen.com,info@dbatallen.com
D-BAT Amarillo,Amarillo,TX,dbatamarillo.com,info@dbatamarillo.com
D-BAT Arlington,Arlington,TX,dbatarlington.com,info@dbatarlington.com
D-BAT Austin,Austin,TX,dbataustin.com,info@dbataustin.com
D-BAT Avondale,Avondale,AZ,dbatavondale.com,info@dbatavondale.com
D-BAT Bakersfield,Bakersfield,CA,dbatbakersfield.com,info@dbatbakersfield.com
D-BAT Ball Ground,Ball Ground,GA,dbatballground.com,info@dbatballground.com
D-BAT Baytown,Baytown,TX,dbatbaytown.com,info@dbatbaytown.com
D-BAT Beaumont,Beaumont,TX,dbatbeaumont.com,info@dbatbeaumont.com
D-BAT Benbrook,Benbrook,TX,dbatbenbrook.com,info@dbatbenbrook.com
D-BAT Bloomfield,Bloomfield,CT,dbatbloomfield.com,info@dbatbloomfield.com
D-BAT Boerne,Boerne,TX,dbatboerne.com,info@dbatboerne.com
D-BAT Bothell,Bothell,WA,dbatbothell.com,info@dbatbothell.com
D-BAT Buckhead,Buckhead,GA,dbatbuckhead.com,info@dbatbuckhead.com
D-BAT Carrollton,Carrollton,GA,dbatcarrollton.com,info@dbatcarrollton.com
D-BAT Cedar City,Cedar City,UT,dbatcedarcity.com,info@dbatcedarcity.com
D-BAT Cedar Park,Cedar Park,TX,dbatcedarpark.com,info@dbatcedarpark.com
D-BAT Celina,Celina,TX,dbatcelina.com,info@dbatcelina.com
D-BAT Centennial,Centennial,CO,dbatcentennial.com,info@dbatcentennial.com
D-BAT Chattanooga,Chattanooga,TN,dbatchattanooga.com,info@dbatchattanooga.com
D-BAT Cheshire,Cheshire,CT,dbatcheshire.com,info@dbatcheshire.com
D-BAT Cleveland,Cleveland,TN,dbatcleveland.com,info@dbatcleveland.com
D-BAT Colorado Springs,Colorado Springs,CO,dbatcoloradosprings.com,info@dbatcoloradosprings.com
D-BAT Columbia Basin,Columbia Basin,WA,dbatcolumbiabasin.com,info@dbatcolumbiabasin.com
D-BAT Columbus,Columbus,OH,dbatcolumbus.com,info@dbatcolumbus.com
D-BAT Columbus East,Columbus,OH,dbatcolumbuseast.com,info@dbatcolumbuseast.com
D-BAT Columbus North,Columbus,OH,dbatColumbusnorth.com,info@dbatColumbusnorth.com
D-BAT Corpus Christi,Corpus Christi,TX,dbatcorpuschristi.com,info@dbatcorpuschristi.com
D-BAT Cypress,Cypress,TX,dbatcypress.com,info@dbatcypress.com
D-BAT Dacula,Dacula,GA,dbatdacula.com,info@dbatdacula.com
D-BAT Davenport,Davenport,FL,dbatdavenport.com,info@dbatdavenport.com
D-BAT Denton,Denton,TX,dbatdenton.com,info@dbatdenton.com
D-BAT Douglasville,Douglasville,GA,dbatdouglasville.com,info@dbatdouglasville.com
D-BAT East Dallas,Dallas,TX,dbateastdallas.com,info@dbateastdallas.com
D-BAT El Paso East,El Paso,TX,dbatelpasoeast.com,info@dbatelpasoeast.com
D-BAT El Paso West,El Paso,TX,dbatelpasowest.com,info@dbatelpasowest.com
D-BAT Elk Grove,Elk Grove,CA,dbatelkgrove.com,info@dbatelkgrove.com
D-BAT Evans,Evans,GA,dbatevans.com,info@dbatevans.com
D-BAT Fort Myers,Fort Myers,FL,dbatfortmyers.com,info@dbatfortmyers.com
D-BAT Fort Smith,Fort Smith,AR,dbatfortsmith.com,info@dbatfortsmith.com
D-BAT Fort Worth,Fort Worth,TX,dbatfortworth.com,info@dbatfortworth.com
D-BAT Frisco,Frisco,TX,dbatfrisco.com,info@dbatfrisco.com
D-BAT Gainesville,Gainesville,FL,dbatgainesville.com,info@dbatgainesville.com
D-BAT Georgetown,Georgetown,TX,dbatgeorgetown.com,info@dbatgeorgetown.com
D-BAT Green Cove,Green Cove,FL,dbatgreencove.com,info@dbatgreencove.com
D-BAT Herriman,Herriman,UT,dbatherriman.com,info@dbatherriman.com
D-BAT Humble,Humble,TX,dbathumble.com,info@dbathumble.com
D-BAT Jacksonville,Jacksonville,FL,dbatjacksonville.com,info@dbatjacksonville.com
D-BAT Johns Creek,Johns Creek,GA,dbatjohnscreek.com,info@dbatjohnscreek.com
D-BAT Joshua,Joshua,TX,dbatjoshua.com,info@dbatjoshua.com
D-BAT Justin,Justin,TX,dbatjustin.com,info@dbatjustin.com
D-BAT Katy,Katy,TX,dbatkaty.com,info@dbatkaty.com
D-BAT Keller,Keller,TX,dbatkeller.com,info@dbatkeller.com
D-BAT Kerrville,Kerrville,TX,dbatkerrville.com,info@dbatkerrville.com
D-BAT Lacey,Lacey,WA,dbatlacey.com,info@dbatlacey.com
D-BAT Lake Charles,Lake Charles,LA,dbatlakecharles.com,info@dbatlakecharles.com
D-BAT Lake Mary,Lake Mary,FL,dbatlakemary.com,info@dbatlakemary.com
D-BAT Lakeside,Lakeside,TX,dbatlakeside.com,info@dbatlakeside.com
D-BAT Lawton,Lawton,OK,dbatlawton.com,info@dbatlawton.com
D-BAT Lewisville,Lewisville,TX,dbatlewisville.com,info@dbatlewisville.com
D-BAT Little Rock,Little Rock,AR,dbatlittlerock.com,info@dbatlittlerock.com
D-BAT Livermore,Livermore,CA,dbatlivermore.com,info@dbatlivermore.com
D-BAT Longview,Longview,TX,dbatlongview.com,info@dbatlongview.com
D-BAT Lubbock,Lubbock,TX,dbatlubbock.com,info@dbatlubbock.com
D-BAT Lufkin,Lufkin,TX,dbatlufkin.com,info@dbatlufkin.com
D-BAT Mansfield,Mansfield,TX,dbatmansfield.com,info@dbatmansfield.com
D-BAT Marble Falls,Marble Falls,TX,dbatmarblefalls.com,info@dbatmarblefalls.com
D-BAT Marietta,Marietta,GA,dbatmarietta.com,info@dbatmarietta.com
D-BAT Melbourne,Melbourne,FL,dbatmelbourne.com,info@dbatmelbourne.com
D-BAT Melissa,Melissa,TX,dbatmelissa.com,info@dbatmelissa.com
D-BAT Memphis,Memphis,TN,dbatmemphis.com,info@dbatmemphis.com
D-BAT Mesa,Mesa,AZ,dbatmesa.com,info@dbatmesa.com
D-BAT Middleburg,Middleburg,OH,dbatmiddleburg.com,info@dbatmiddleburg.com
D-BAT Mount Pleasant,Mount Pleasant,TX,dbatmountpleasant.com,info@dbatmountpleasant.com
D-BAT Murfreesboro,Murfreesboro,TN,dbatmurfreesboro.com,info@dbatmurfreesboro.com
D-BAT Nashville,Nashville,TN,dbatnashville.com,info@dbatnashville.com
D-BAT New Braunfels,New Braunfels,TX,dbatnewbraunfels.com,info@dbatnewbraunfels.com
D-BAT Newport News,Newport News,VA,dbatnewportnews.com,info@dbatnewportnews.com
D-BAT NorCo,Northern Colorado,CO,dbatnorco.com,info@dbatnorco.com
D-BAT Norman,Norman,OK,dbatnorman.com,info@dbatnorman.com
D-BAT North Canton,North Canton,OH,dbatnorthcanton.com,info@dbatnorthcanton.com
D-BAT North Knoxville,Knoxville,TN,dbatnorthknoxville.com,info@dbatnorthknoxville.com
D-BAT NW Denver,Denver,CO,dbatnwdenver.com,info@dbatnwdenver.com
D-BAT NWAR,NW Arkansas,AR,dbatnwar.com,info@dbatnwar.com
D-BAT Oakley,Oakley,CA,dbatoakley.com,info@dbatoakley.com
D-BAT OKC,Oklahoma City,OK,dbatokc.com,info@dbatokc.com
D-BAT Orange County West,Orange County,CA,dbatorangewest.com,info@dbatorangewest.com
D-BAT Oviedo,Oviedo,FL,dbatoviedo.com,info@dbatoviedo.com
D-BAT Park Place,Phoenix,AZ,dbatparkplace.com,info@dbatparkplace.com
D-BAT Paulding,Paulding,GA,dbatpaulding.com,info@dbatpaulding.com
D-BAT Peachtree City,Peachtree City,GA,dbatpeachtreecity.com,info@dbatpeachtreecity.com
D-BAT Pearland,Pearland,TX,dbatpearland.com,info@dbatpearland.com
D-BAT Peoria,Peoria,AZ,dbatpeoria.com,info@dbatpeoria.com
D-BAT Perimeter,Atlanta,GA,dbatperimeter.com,info@dbatperimeter.com
D-BAT Permian Basin,Midland,TX,dbatpermianbasin.com,info@dbatpermianbasin.com
D-BAT Pueblo,Pueblo,CO,dbatpueblo.com,info@dbatpueblo.com
D-BAT Redlands,Redlands,CA,dbatredlands.com,info@dbatredlands.com
D-BAT Salt Lake,Salt Lake City,UT,dbatsaltlake.com,info@dbatsaltlake.com
D-BAT San Angelo,San Angelo,TX,dbatsanangelo.com,info@dbatsanangelo.com
D-BAT San Antonio North,San Antonio,TX,dbatsanantonio.com,info@dbatsanantonio.com
D-BAT San Antonio West,San Antonio,TX,dbatsanantoniowest.com,info@dbatsanantoniowest.com
D-BAT Santa Clarita,Santa Clarita,CA,dbatsantaclarita.com,info@dbatsantaclarita.com
D-BAT Scottsdale,Scottsdale,AZ,dbatscottsdale.com,info@dbatscottsdale.com
D-BAT Simi Valley,Simi Valley,CA,dbatsimivalley.com,info@dbatsimivalley.com
D-BAT Skagit Valley,Skagit Valley,WA,dbatskagitvalley.com,info@dbatskagitvalley.com
D-BAT Solon,Solon,OH,dbatsolon.com,info@dbatsolon.com
D-BAT South Shore,South Shore,FL,dbatsouthshore.com,info@dbatsouthshore.com
D-BAT Southlake,Southlake,TX,dbatsouthlake.com,info@dbatsouthlake.com
D-BAT St Augustine,St Augustine,FL,dbatstaugustine.com,info@dbatstaugustine.com
D-BAT St George,St George,UT,dbatstgeorge.com,info@dbatstgeorge.com
D-BAT Suffolk,Suffolk,VA,dbatsuffolk.com,info@dbatsuffolk.com
D-BAT Sugarland,Sugarland,TX,dbatsugarland.com,info@dbatsugarland.com
D-BAT Temecula,Temecula,CA,dbattemecula.com,info@dbattemecula.com
D-BAT Texarkana,Texarkana,TX,dbattexarkana.com,info@dbattexarkana.com
D-BAT Texoma,Texoma,TX,dbattexoma.com,info@dbattexoma.com
D-BAT The Woodlands,The Woodlands,TX,dbatthewoodlands.com,info@dbatthewoodlands.com
D-BAT Trumbull,Trumbull,CT,dbattrumbull.com,info@dbattrumbull.com
D-BAT Tucson,Tucson,AZ,dbattucson.com,info@dbattucson.com
D-BAT Tulsa,Tulsa,OK,dbattulsa.com,info@dbattulsa.com
D-BAT Tyler,Tyler,TX,dbattyler.com,info@dbattyler.com
D-BAT Valley Ranch,Irving,TX,dbatvalleyranch.com,info@dbatvalleyranch.com
D-BAT Victoria,Victoria,TX,dbatvictoria.com,info@dbatvictoria.com
D-BAT Virginia Beach,Virginia Beach,VA,dbatvirginiabeach.com,info@dbatvirginiabeach.com
D-BAT Waco,Waco,TX,dbatwaco.com,info@dbatwaco.com
D-BAT Warner Robins,Warner Robins,GA,dbatwarnerrobins.com,info@dbatwarnerrobins.com
D-BAT Waxahachie,Waxahachie,TX,dbatwaxahachie.com,info@dbatwaxahachie.com
D-BAT Weatherford,Weatherford,TX,dbatweatherford.com,info@dbatweatherford.com
D-BAT Webster,Webster,TX,dbatwebster.com,info@dbatwebster.com
D-BAT Wesley Chapel,Wesley Chapel,FL,dbatwesleychapel.com,info@dbatwesleychapel.com
D-BAT West Chester,West Chester,OH,dbatwestchester.com,info@dbatwestchester.com
D-BAT West Cobb,West Cobb,GA,dbatwestcobb.com,info@dbatwestcobb.com
D-BAT West Houston,Houston,TX,dbatwesthouston.com,info@dbatwesthouston.com
D-BAT West Knoxville,Knoxville,TN,dbatwestknoxville.com,info@dbatwestknoxville.com
D-BAT White Hall,White Hall,AR,dbatwhitehall.com,info@dbatwhitehall.com
D-BAT Wichita Falls,Wichita Falls,TX,dbatwichitafalls.com,info@dbatwichitafalls.com
D-BAT Winter Garden,Winter Garden,FL,dbatwintergarden.com,info@dbatwintergarden.com
D-BAT Yakima,Yakima,WA,dbatyakima.com,info@dbatyakima.com
